<?xml version="1.0" encoding="UTF-8"?>
<preferences>
 <debug showDebugMenu="0" />
 <systemtable filter="Default">
  <columns>
   <connections preferredWidth="223" />
   <irq preferredWidth="63" />
   <export preferredWidth="274" />
  </columns>
 </systemtable>
 <clocktable>
  <columns>
   <clockname preferredWidth="235" />
   <clocksource preferredWidth="235" />
   <frequency preferredWidth="220" />
  </columns>
 </clocktable>
 <window width="1936" height="1056" x="-223" y="373" />
 <library expandedCategories="Library,Project" />
 <hdlexample language="VERILOG" />
 <generation block_symbol_file="0" />
</preferences>
